STT,"Tỉnh, thành giáp biển
(Đường bờ biển)",Huyện giáp biển,Xã giáp biển
01,"Quảng Ninh
(250 km)",Móng Cái,Hải Hòa
01,"Quảng Ninh
(250 km)",Móng Cái,Trà Cổ
01,"Quảng Ninh
(250 km)",Móng Cái,Bình Ngọc
01,"Quảng Ninh
(250 km)",Móng Cái,Hải Xuân
01,"Quảng Ninh
(250 km)",Móng Cái,Vạn Ninh
01,"Quảng Ninh
(250 km)",Móng Cái,Ninh Dương
01,"Quảng Ninh
(250 km)",Móng Cái,Hải Yên
01,"Quảng Ninh
(250 km)",Móng Cái,Hải Đông
01,"Quảng Ninh
(250 km)",Móng Cái,Hải Tiến
01,"Quảng Ninh
(250 km)",Móng Cái,Quảng Nghĩa
01,"Quảng Ninh
(250 km)",Móng Cái,Vĩnh Thực
01,"Quảng Ninh
(250 km)",Móng Cái,Vĩnh Trung
01,"Quảng Ninh
(250 km)",Hải Hà,Quảng Thành
01,"Quảng Ninh
(250 km)",Hải Hà,Quảng Minh
01,"Quảng Ninh
(250 km)",Hải Hà,Quảng Hà
01,"Quảng Ninh
(250 km)",Hải Hà,Quảng Phong
01,"Quảng Ninh
(250 km)",Hải Hà,Đường Hoa
01,"Quảng Ninh
(250 km)",Đầm Hà,Tân Bình
01,"Quảng Ninh
(250 km)",Đầm Hà,Đầm Hà
01,"Quảng Ninh
(250 km)",Đầm Hà,Tân Lập
01,"Quảng Ninh
(250 km)",Đầm Hà,Đại Bình
01,"Quảng Ninh
(250 km)",Đầm Hà,Dực Yên
01,"Quảng Ninh
(250 km)",Tiên Yên,Đông Hải
01,"Quảng Ninh
(250 km)",Tiên Yên,Đông Ngũ
01,"Quảng Ninh
(250 km)",Tiên Yên,Tiên Lãng
01,"Quảng Ninh
(250 km)",Tiên Yên,Hải Lạng
01,"Quảng Ninh
(250 km)",Tiên Yên,Đồng Rui
01,"Quảng Ninh
(250 km)",Cô Tô,Cô Tô
01,"Quảng Ninh
(250 km)",Cô Tô,Đồng Tiến
01,"Quảng Ninh
(250 km)",Cô Tô,Thanh Lân
01,"Quảng Ninh
(250 km)",Vân Đồn,Cái Rồng
01,"Quảng Ninh
(250 km)",Vân Đồn,Bản Sen
01,"Quảng Ninh
(250 km)",Vân Đồn,Bình Dân
01,"Quảng Ninh
(250 km)",Vân Đồn,Đài Xuyên
01,"Quảng Ninh
(250 km)",Vân Đồn,Đoàn Kết
01,"Quảng Ninh
(250 km)",Vân Đồn,Đông Xá
01,"Quảng Ninh
(250 km)",Vân Đồn,Hạ Long
01,"Quảng Ninh
(250 km)",Vân Đồn,Minh Châu
01,"Quảng Ninh
(250 km)",Vân Đồn,Ngọc Vừng
01,"Quảng Ninh
(250 km)",Vân Đồn,Quan Lạn
01,"Quảng Ninh
(250 km)",Vân Đồn,Thắng Lợi
01,"Quảng Ninh
(250 km)",Vân Đồn,Vạn Yên
01,"Quảng Ninh
(250 km)",Cẩm Phả,Cộng Hòa
01,"Quảng Ninh
(250 km)",Cẩm Phả,Cẩm Hải
01,"Quảng Ninh
(250 km)",Cẩm Phả,Mông Dương
01,"Quảng Ninh
(250 km)",Cẩm Phả,Cửa Ông
01,"Quảng Ninh
(250 km)",Cẩm Phả,Cẩm Thịnh
01,"Quảng Ninh
(250 km)",Cẩm Phả,Cẩm Phú
01,"Quảng Ninh
(250 km)",Cẩm Phả,Cẩm Sơn
01,"Quảng Ninh
(250 km)",Cẩm Phả,Cẩm Đông
01,"Quảng Ninh
(250 km)",Cẩm Phả,Cẩm Bình
01,"Quảng Ninh
(250 km)",Cẩm Phả,Cẩm Thành
01,"Quảng Ninh
(250 km)",Cẩm Phả,Cẩm Trung
01,"Quảng Ninh
(250 km)",Cẩm Phả,Cẩm Thủy
01,"Quảng Ninh
(250 km)",Cẩm Phả,Cẩm Thạch
01,"Quảng Ninh
(250 km)",Cẩm Phả,Quang Hanh
01,"Quảng Ninh
(250 km)",Hạ Long,Hà Phong
01,"Quảng Ninh
(250 km)",Hạ Long,Hà Tu
01,"Quảng Ninh
(250 km)",Hạ Long,Hồng Hà
01,"Quảng Ninh
(250 km)",Hạ Long,Hồng Hải
01,"Quảng Ninh
(250 km)",Hạ Long,Bạch Đằng
01,"Quảng Ninh
(250 km)",Hạ Long,Hồng Gai
01,"Quảng Ninh
(250 km)",Hạ Long,Yết Kiêu
01,"Quảng Ninh
(250 km)",Hạ Long,Cao Xanh
01,"Quảng Ninh
(250 km)",Hạ Long,Hà Khánh
01,"Quảng Ninh
(250 km)",Hạ Long,Thống Nhất
01,"Quảng Ninh
(250 km)",Hạ Long,Lê Lợi
01,"Quảng Ninh
(250 km)",Hạ Long,Việt Hưng
01,"Quảng Ninh
(250 km)",Hạ Long,Hà Khẩu
01,"Quảng Ninh
(250 km)",Hạ Long,Giếng Đáy
01,"Quảng Ninh
(250 km)",Hạ Long,Bãi Cháy
01,"Quảng Ninh
(250 km)",Hạ Long,Hùng Thắng
01,"Quảng Ninh
(250 km)",Hạ Long,Tuần Châu
01,"Quảng Ninh
(250 km)",Hạ Long,Đại Yên
01,"Quảng Ninh
(250 km)",Quảng Yên,Hoàng Tân
01,"Quảng Ninh
(250 km)",Quảng Yên,Tân An
01,"Quảng Ninh
(250 km)",Quảng Yên,Hà An
01,"Quảng Ninh
(250 km)",Quảng Yên,Liên Hòa
01,"Quảng Ninh
(250 km)",Quảng Yên,Tiền Phong
02,"Hải Phòng
(125 km)",Cát Hải,Cát Bà
02,"Hải Phòng
(125 km)",Cát Hải,Cát Hải
02,"Hải Phòng
(125 km)",Cát Hải,Đồng Bài
02,"Hải Phòng
(125 km)",Cát Hải,Gia Luận
02,"Hải Phòng
(125 km)",Cát Hải,Hiền Hào
02,"Hải Phòng
(125 km)",Cát Hải,Hoàng Châu
02,"Hải Phòng
(125 km)",Cát Hải,Nghĩa Lộ
02,"Hải Phòng
(125 km)",Cát Hải,Phù Long
02,"Hải Phòng
(125 km)",Cát Hải,Trân Châu
02,"Hải Phòng
(125 km)",Cát Hải,Văn Phong
02,"Hải Phòng
(125 km)",Cát Hải,Việt Hải
02,"Hải Phòng
(125 km)",Cát Hải,Xuân Đám
02,"Hải Phòng
(125 km)",Hải An,Đông Hải 2
02,"Hải Phòng
(125 km)",Hải An,Tràng Cát
02,"Hải Phòng
(125 km)",Dương Kinh,Tân Thành
02,"Hải Phòng
(125 km)",Đồ Sơn,Ngọc Xuyên
02,"Hải Phòng
(125 km)",Đồ Sơn,Hải Sơn
02,"Hải Phòng
(125 km)",Đồ Sơn,Vạn Hương
02,"Hải Phòng
(125 km)",Đồ Sơn,Bàng La
02,"Hải Phòng
(125 km)",Kiến Thụy,Đại Hợp
02,"Hải Phòng
(125 km)",Tiên Lãng,Vinh Quang
02,"Hải Phòng
(125 km)",Tiên Lãng,Đông Hưng
02,"Hải Phòng
(125 km)",Bạch Long Vĩ,không có xã trực thuộc
03,"Thái Bình
(52 km)",Thái Thụy,Thụy Trường
03,"Thái Bình
(52 km)",Thái Thụy,Thụy Xuân
03,"Thái Bình
(52 km)",Thái Thụy,Thụy Hải
03,"Thái Bình
(52 km)",Thái Thụy,Diêm Điền
03,"Thái Bình
(52 km)",Thái Thụy,Thái Thượng
03,"Thái Bình
(52 km)",Thái Thụy,Thái Đô
03,"Thái Bình
(52 km)",Tiền Hải,Đông Long
03,"Thái Bình
(52 km)",Tiền Hải,Đông Hoàng
03,"Thái Bình
(52 km)",Tiền Hải,Đông Minh
03,"Thái Bình
(52 km)",Tiền Hải,Nam Thịnh
03,"Thái Bình
(52 km)",Tiền Hải,Nam Hưng
03,"Thái Bình
(52 km)",Tiền Hải,Nam Phú
04,"Nam Định
(72 km)",Giao Thủy,Giao Thiện
04,"Nam Định
(72 km)",Giao Thủy,Giao An
04,"Nam Định
(72 km)",Giao Thủy,Giao Lạc
04,"Nam Định
(72 km)",Giao Thủy,Giao Xuân
04,"Nam Định
(72 km)",Giao Thủy,Giao Hải
04,"Nam Định
(72 km)",Giao Thủy,Giao Long
04,"Nam Định
(72 km)",Giao Thủy,Bạch Long
04,"Nam Định
(72 km)",Giao Thủy,Giao Phong
04,"Nam Định
(72 km)",Giao Thủy,Quất Lâm
04,"Nam Định
(72 km)",Hải Hậu,Hải Đông
04,"Nam Định
(72 km)",Hải Hậu,Hải Lý
04,"Nam Định
(72 km)",Hải Hậu,Hải Chính
04,"Nam Định
(72 km)",Hải Hậu,Hải Triều
04,"Nam Định
(72 km)",Hải Hậu,Hải Hòa
04,"Nam Định
(72 km)",Hải Hậu,Thịnh Long
04,"Nam Định
(72 km)",Nghĩa Hưng,Phúc Thắng
04,"Nam Định
(72 km)",Nghĩa Hưng,Nam Điền
05,"Ninh Bình
(16 km)",Kim Sơn,Kim Đông
05,"Ninh Bình
(16 km)",Kim Sơn,Kim Trung
05,"Ninh Bình
(16 km)",Kim Sơn,Kim Hải
06,"Thanh Hóa
(102 km)",Nga Sơn,Nga Tân
06,"Thanh Hóa
(102 km)",Nga Sơn,Nga Thủy
06,"Thanh Hóa
(102 km)",Hậu Lộc,Đa Lộc
06,"Thanh Hóa
(102 km)",Hậu Lộc,Hưng Lộc
06,"Thanh Hóa
(102 km)",Hậu Lộc,Ngư Lộc
06,"Thanh Hóa
(102 km)",Hậu Lộc,Minh Lộc
06,"Thanh Hóa
(102 km)",Hậu Lộc,Hải Lộc
06,"Thanh Hóa
(102 km)",Hoằng Hóa,Hoằng Trường
06,"Thanh Hóa
(102 km)",Hoằng Hóa,Hoằng Hải
06,"Thanh Hóa
(102 km)",Hoằng Hóa,Hoằng Tiến
06,"Thanh Hóa
(102 km)",Hoằng Hóa,Hoằng Thanh
06,"Thanh Hóa
(102 km)",Hoằng Hóa,Hoằng Phụ
06,"Thanh Hóa
(102 km)",Sầm Sơn,Quảng Cư
06,"Thanh Hóa
(102 km)",Sầm Sơn,Trung Sơn
06,"Thanh Hóa
(102 km)",Sầm Sơn,Bắc Sơn
06,"Thanh Hóa
(102 km)",Sầm Sơn,Trường Sơn
06,"Thanh Hóa
(102 km)",Sầm Sơn,Quảng Vinh
06,"Thanh Hóa
(102 km)",Sầm Sơn,Quảng Hùng
06,"Thanh Hóa
(102 km)",Sầm Sơn,Quảng Đại
06,"Thanh Hóa
(102 km)",Quảng Xương,Quảng Hải
06,"Thanh Hóa
(102 km)",Quảng Xương,Quảng Lưu
06,"Thanh Hóa
(102 km)",Quảng Xương,Quảng Thái
06,"Thanh Hóa
(102 km)",Quảng Xương,Tiên Trang
06,"Thanh Hóa
(102 km)",Quảng Xương,Quảng Thạch
06,"Thanh Hóa
(102 km)",Quảng Xương,Quảng Nham
06,"Thanh Hóa
(102 km)",Nghi Sơn,Hải Ninh
06,"Thanh Hóa
(102 km)",Nghi Sơn,Hải An
06,"Thanh Hóa
(102 km)",Nghi Sơn,Tân Dân
06,"Thanh Hóa
(102 km)",Nghi Sơn,Hải Lĩnh
06,"Thanh Hóa
(102 km)",Nghi Sơn,Ninh Hải
06,"Thanh Hóa
(102 km)",Nghi Sơn,Hải Hòa
06,"Thanh Hóa
(102 km)",Nghi Sơn,Bình Minh
06,"Thanh Hóa
(102 km)",Nghi Sơn,Hải Thanh
06,"Thanh Hóa
(102 km)",Nghi Sơn,Hải Bình
06,"Thanh Hóa
(102 km)",Nghi Sơn,Tĩnh Hải
06,"Thanh Hóa
(102 km)",Nghi Sơn,Hải Yến
06,"Thanh Hóa
(102 km)",Nghi Sơn,Hải Thượng
06,"Thanh Hóa
(102 km)",Nghi Sơn,Nghi Sơn
06,"Thanh Hóa
(102 km)",Nghi Sơn,Hải Hà
07,"Nghệ An
(82 km)",Hoàng Mai,Quỳnh Lập
07,"Nghệ An
(82 km)",Hoàng Mai,Quỳnh Phương
07,"Nghệ An
(82 km)",Hoàng Mai,Quỳnh Liên
07,"Nghệ An
(82 km)",Quỳnh Lưu,Quỳnh Bảng
07,"Nghệ An
(82 km)",Quỳnh Lưu,Quỳnh Lương
07,"Nghệ An
(82 km)",Quỳnh Lưu,Quỳnh Minh
07,"Nghệ An
(82 km)",Quỳnh Lưu,Quỳnh Nghĩa
07,"Nghệ An
(82 km)",Quỳnh Lưu,Tiến Thủy
07,"Nghệ An
(82 km)",Quỳnh Lưu,Quỳnh Thuận
07,"Nghệ An
(82 km)",Quỳnh Lưu,Quỳnh Long
07,"Nghệ An
(82 km)",Quỳnh Lưu,Sơn Hải
07,"Nghệ An
(82 km)",Quỳnh Lưu,Quỳnh Thọ
07,"Nghệ An
(82 km)",Diễn Châu,Diễn Hùng
07,"Nghệ An
(82 km)",Diễn Châu,Diễn Hải
07,"Nghệ An
(82 km)",Diễn Châu,Diễn Kim
07,"Nghệ An
(82 km)",Diễn Châu,Diễn Thành
07,"Nghệ An
(82 km)",Diễn Châu,Diễn Thịnh
07,"Nghệ An
(82 km)",Diễn Châu,Diễn Trung
07,"Nghệ An
(82 km)",Nghi Lộc,Nghi Yên
07,"Nghệ An
(82 km)",Nghi Lộc,Nghi Tiến
07,"Nghệ An
(82 km)",Nghi Lộc,Nghi Thiết
07,"Nghệ An
(82 km)",Cửa Lò,Nghi Thủy
07,"Nghệ An
(82 km)",Cửa Lò,Thu Thủy
07,"Nghệ An
(82 km)",Cửa Lò,Nghi Thu
07,"Nghệ An
(82 km)",Cửa Lò,Nghi Hương
07,"Nghệ An
(82 km)",Cửa Lò,Nghi Hòa
07,"Nghệ An
(82 km)",Cửa Lò,Nghi Hải
08,"Hà Tĩnh
(137 km)",Nghi Xuân,Xuân Hội
08,"Hà Tĩnh
(137 km)",Nghi Xuân,Đan Trường
08,"Hà Tĩnh
(137 km)",Nghi Xuân,Xuân Phổ
08,"Hà Tĩnh
(137 km)",Nghi Xuân,Xuân Hải
08,"Hà Tĩnh
(137 km)",Nghi Xuân,Xuân Yên
08,"Hà Tĩnh
(137 km)",Nghi Xuân,Xuân Thành
08,"Hà Tĩnh
(137 km)",Nghi Xuân,Cổ Đạm
08,"Hà Tĩnh
(137 km)",Nghi Xuân,Xuân Liên
08,"Hà Tĩnh
(137 km)",Nghi Xuân,Cương Gián
08,"Hà Tĩnh
(137 km)",Lộc Hà,Thịnh Lộc
08,"Hà Tĩnh
(137 km)",Lộc Hà,Lộc Hà
08,"Hà Tĩnh
(137 km)",Lộc Hà,Thạch Kim
08,"Hà Tĩnh
(137 km)",Thạch Hà,Đỉnh Bàn
08,"Hà Tĩnh
(137 km)",Thạch Hà,Thạch Hải
08,"Hà Tĩnh
(137 km)",Thạch Hà,Thạch Lạc
08,"Hà Tĩnh
(137 km)",Thạch Hà,Thạch Trị
08,"Hà Tĩnh
(137 km)",Thạch Hà,Thạch Văn
08,"Hà Tĩnh
(137 km)",Thạch Hà,Thạch Hội
08,"Hà Tĩnh
(137 km)",Cẩm Xuyên,Yên Hòa
08,"Hà Tĩnh
(137 km)",Cẩm Xuyên,Cẩm Dương
08,"Hà Tĩnh
(137 km)",Cẩm Xuyên,Thiên Cầm
08,"Hà Tĩnh
(137 km)",Cẩm Xuyên,Cẩm Nhượng
08,"Hà Tĩnh
(137 km)",Cẩm Xuyên,Cẩm Lĩnh
08,"Hà Tĩnh
(137 km)",Kỳ Anh (huyện),Kỳ Xuân
08,"Hà Tĩnh
(137 km)",Kỳ Anh (huyện),Kỳ Phú
08,"Hà Tĩnh
(137 km)",Kỳ Anh (huyện),Kỳ Khang
08,"Hà Tĩnh
(137 km)",Kỳ Anh (thị xã),Kỳ Ninh
08,"Hà Tĩnh
(137 km)",Kỳ Anh (thị xã),Kỳ Lợi
08,"Hà Tĩnh
(137 km)",Kỳ Anh (thị xã),Kỳ Phương
08,"Hà Tĩnh
(137 km)",Kỳ Anh (thị xã),Kỳ Nam
09,"Quảng Bình
(126 km)",Quảng Trạch,Quảng Đông
09,"Quảng Bình
(126 km)",Quảng Trạch,Quảng Phú
09,"Quảng Bình
(126 km)",Quảng Trạch,Cảnh Dương
09,"Quảng Bình
(126 km)",Quảng Trạch,Quảng Hưng
09,"Quảng Bình
(126 km)",Quảng Trạch,Quảng Xuân
09,"Quảng Bình
(126 km)",Ba Đồn,Quảng Thọ
09,"Quảng Bình
(126 km)",Ba Đồn,Quảng Phúc
09,"Quảng Bình
(126 km)",Bố Trạch,Thanh Trạch
09,"Quảng Bình
(126 km)",Bố Trạch,Hải Phú
09,"Quảng Bình
(126 km)",Bố Trạch,Đức Trạch
09,"Quảng Bình
(126 km)",Bố Trạch,Trung Trạch
09,"Quảng Bình
(126 km)",Bố Trạch,Đại Trạch
09,"Quảng Bình
(126 km)",Bố Trạch,Nhân Trạch
09,"Quảng Bình
(126 km)",Đồng Hới,Quang Phú
09,"Quảng Bình
(126 km)",Đồng Hới,Hải Thành
09,"Quảng Bình
(126 km)",Đồng Hới,Bảo Ninh
09,"Quảng Bình
(126 km)",Quảng Ninh,Hải Ninh
09,"Quảng Bình
(126 km)",Lệ Thủy,Ngư Thủy Bắc
09,"Quảng Bình
(126 km)",Lệ Thủy,Ngư Thủy
10,"Quảng Trị
(75 km)",Vĩnh Linh,Vĩnh Thái
10,"Quảng Trị
(75 km)",Vĩnh Linh,Kim Thạch
10,"Quảng Trị
(75 km)",Vĩnh Linh,Cửa Tùng
10,"Quảng Trị
(75 km)",Gio Linh,Trung Giang
10,"Quảng Trị
(75 km)",Gio Linh,Gio Hải
10,"Quảng Trị
(75 km)",Gio Linh,Cửa Việt
10,"Quảng Trị
(75 km)",Triệu Phong,Triệu An
10,"Quảng Trị
(75 km)",Triệu Phong,Triệu Vân
10,"Quảng Trị
(75 km)",Triệu Phong,Triệu Trạch
10,"Quảng Trị
(75 km)",Triệu Phong,Triệu Lăng
10,"Quảng Trị
(75 km)",Hải Lăng,Hải An
10,"Quảng Trị
(75 km)",Hải Lăng,Hải Khê
10,"Quảng Trị
(75 km)",Cồn Cỏ,không có xã trực thuộc
11,"Thừa Thiên Huế
(120 km)",Phong Điền,Điền Hương
11,"Thừa Thiên Huế
(120 km)",Phong Điền,Điền Môn
11,"Thừa Thiên Huế
(120 km)",Phong Điền,Điền Lộc
11,"Thừa Thiên Huế
(120 km)",Phong Điền,Điền Hòa
11,"Thừa Thiên Huế
(120 km)",Phong Điền,Phong Hải
11,"Thừa Thiên Huế
(120 km)",Quảng Điền,Quảng Ngạn
11,"Thừa Thiên Huế
(120 km)",Quảng Điền,Quảng Công
11,"Thừa Thiên Huế
(120 km)",Huế,Hải Dương
11,"Thừa Thiên Huế
(120 km)",Huế,Thuận An
11,"Thừa Thiên Huế
(120 km)",Phú Vang,Phú Thuận
11,"Thừa Thiên Huế
(120 km)",Phú Vang,Phú Hải
11,"Thừa Thiên Huế
(120 km)",Phú Vang,Phú Diên
11,"Thừa Thiên Huế
(120 km)",Phú Vang,Vinh Xuân
11,"Thừa Thiên Huế
(120 km)",Phú Vang,Vinh Thanh
11,"Thừa Thiên Huế
(120 km)",Phú Vang,Vinh An
11,"Thừa Thiên Huế
(120 km)",Phú Lộc,Vinh Mỹ
11,"Thừa Thiên Huế
(120 km)",Phú Lộc,Giang Hải
11,"Thừa Thiên Huế
(120 km)",Phú Lộc,Vinh Hiền
11,"Thừa Thiên Huế
(120 km)",Phú Lộc,Lộc Bình
11,"Thừa Thiên Huế
(120 km)",Phú Lộc,Lộc Vĩnh
11,"Thừa Thiên Huế
(120 km)",Phú Lộc,Lăng Cô
12,"Đà Nẵng
(37 km)",Liên Chiểu,Hòa Hiệp Bắc
12,"Đà Nẵng
(37 km)",Liên Chiểu,Hòa Hiệp Nam
12,"Đà Nẵng
(37 km)",Liên Chiểu,Hòa Khánh Bắc
12,"Đà Nẵng
(37 km)",Liên Chiểu,Hòa Minh
12,"Đà Nẵng
(37 km)",Thanh Khê,Thanh Khê Tây
12,"Đà Nẵng
(37 km)",Thanh Khê,Thanh Khê Đông
12,"Đà Nẵng
(37 km)",Thanh Khê,Xuân Hà
12,"Đà Nẵng
(37 km)",Thanh Khê,Tam Thuận
12,"Đà Nẵng
(37 km)",Hải Châu,Thanh Bình
12,"Đà Nẵng
(37 km)",Hải Châu,Thuận Phước
12,"Đà Nẵng
(37 km)",Sơn Trà,Nại Hiên Đông
12,"Đà Nẵng
(37 km)",Sơn Trà,Thọ Quang
12,"Đà Nẵng
(37 km)",Sơn Trà,Mân Thái
12,"Đà Nẵng
(37 km)",Sơn Trà,Phước Mỹ
12,"Đà Nẵng
(37 km)",Ngũ Hành Sơn,Mỹ An
12,"Đà Nẵng
(37 km)",Ngũ Hành Sơn,Khuê Mỹ
12,"Đà Nẵng
(37 km)",Ngũ Hành Sơn,Hòa Hải
12,"Đà Nẵng
(37 km)",Hoàng Sa,không có xã trực thuộc
13,"Quảng Nam
(125 km)",Điện Bàn,Điện Ngọc
13,"Quảng Nam
(125 km)",Điện Bàn,Điện Dương
13,"Quảng Nam
(125 km)",Hội An,Cẩm An
13,"Quảng Nam
(125 km)",Hội An,Cửa Đại
13,"Quảng Nam
(125 km)",Duy Xuyên,Duy Hải
13,"Quảng Nam
(125 km)",Thăng Bình,Bình Dương
13,"Quảng Nam
(125 km)",Thăng Bình,Bình Minh
13,"Quảng Nam
(125 km)",Thăng Bình,Bình Hải
13,"Quảng Nam
(125 km)",Thăng Bình,Bình Nam
13,"Quảng Nam
(125 km)",Tam Kỳ,Tam Thanh
13,"Quảng Nam
(125 km)",Núi Thành,Tam Tiến
13,"Quảng Nam
(125 km)",Núi Thành,Tam Hòa
13,"Quảng Nam
(125 km)",Núi Thành,Tam Hải
13,"Quảng Nam
(125 km)",Núi Thành,Tam Quang
13,"Quảng Nam
(125 km)",Núi Thành,Tam Nghĩa
14,"Quảng Ngãi
(130 km)",Bình Sơn,Bình Thạnh
14,"Quảng Ngãi
(130 km)",Bình Sơn,Bình Đông
14,"Quảng Ngãi
(130 km)",Bình Sơn,Bình Thuận
14,"Quảng Ngãi
(130 km)",Bình Sơn,Bình Trị
14,"Quảng Ngãi
(130 km)",Bình Sơn,Bình Hải
14,"Quảng Ngãi
(130 km)",Bình Sơn,Bình Tân Phú
14,"Quảng Ngãi
(130 km)",Bình Sơn,Bình Châu
14,"Quảng Ngãi
(130 km)",Quảng Ngãi,Tịnh Kỳ
14,"Quảng Ngãi
(130 km)",Quảng Ngãi,Tịnh Khê
14,"Quảng Ngãi
(130 km)",Quảng Ngãi,Nghĩa An
14,"Quảng Ngãi
(130 km)",Mộ Đức,Đức Lợi
14,"Quảng Ngãi
(130 km)",Mộ Đức,Đức Thắng
14,"Quảng Ngãi
(130 km)",Mộ Đức,Đức Chánh
14,"Quảng Ngãi
(130 km)",Mộ Đức,Đức Minh
14,"Quảng Ngãi
(130 km)",Mộ Đức,Đức Phong
14,"Quảng Ngãi
(130 km)",Đức Phổ,Phổ An
14,"Quảng Ngãi
(130 km)",Đức Phổ,Phổ Quang
14,"Quảng Ngãi
(130 km)",Đức Phổ,Phổ Vinh
14,"Quảng Ngãi
(130 km)",Đức Phổ,Phổ Khánh
14,"Quảng Ngãi
(130 km)",Đức Phổ,Phổ Thạnh
14,"Quảng Ngãi
(130 km)",Đức Phổ,Phổ Châu
14,"Quảng Ngãi
(130 km)",Lý Sơn,không có xã trực thuộc
15,"Bình Định
(134 km)",Hoài Nhơn,Tam Quan Bắc
15,"Bình Định
(134 km)",Hoài Nhơn,Tam Quan Nam
15,"Bình Định
(134 km)",Hoài Nhơn,Hoài Thanh
15,"Bình Định
(134 km)",Hoài Nhơn,Hoài Hải
15,"Bình Định
(134 km)",Hoài Nhơn,Hoài Mỹ
15,"Bình Định
(134 km)",Phù Mỹ,Mỹ Đức
15,"Bình Định
(134 km)",Phù Mỹ,Mỹ Thắng
15,"Bình Định
(134 km)",Phù Mỹ,Mỹ An
15,"Bình Định
(134 km)",Phù Mỹ,Mỹ Thọ
15,"Bình Định
(134 km)",Phù Mỹ,Mỹ Thành
15,"Bình Định
(134 km)",Phù Cát,Cát Khánh
15,"Bình Định
(134 km)",Phù Cát,Cát Thành
15,"Bình Định
(134 km)",Phù Cát,Cát Hải
15,"Bình Định
(134 km)",Phù Cát,Cát Tiến
15,"Bình Định
(134 km)",Phù Cát,Cát Chánh
15,"Bình Định
(134 km)",Quy Nhơn,Nhơn Lý
15,"Bình Định
(134 km)",Quy Nhơn,Nhơn Hải
15,"Bình Định
(134 km)",Quy Nhơn,Hải Cảng
15,"Bình Định
(134 km)",Quy Nhơn,Lê Lợi
15,"Bình Định
(134 km)",Quy Nhơn,Trần Phú
15,"Bình Định
(134 km)",Quy Nhơn,Nguyễn Văn Cừ
15,"Bình Định
(134 km)",Quy Nhơn,Ghềnh Ráng
16,"Phú Yên
(182 km)",Sông Cầu,Xuân Hải
16,"Phú Yên
(182 km)",Sông Cầu,Xuân Cảnh
16,"Phú Yên
(182 km)",Sông Cầu,Xuân Thịnh
16,"Phú Yên
(182 km)",Sông Cầu,Xuân Phương
16,"Phú Yên
(182 km)",Sông Cầu,Xuân Yên
16,"Phú Yên
(182 km)",Sông Cầu,Xuân Phú
16,"Phú Yên
(182 km)",Sông Cầu,Xuân Thành
16,"Phú Yên
(182 km)",Sông Cầu,Xuân Đài
16,"Phú Yên
(182 km)",Tuy An,An Ninh Tây
16,"Phú Yên
(182 km)",Tuy An,An Ninh Đông
16,"Phú Yên
(182 km)",Tuy An,An Hòa Hải
16,"Phú Yên
(182 km)",Tuy An,An Mỹ
16,"Phú Yên
(182 km)",Tuy An,An Chấn
16,"Phú Yên
(182 km)",Tuy Hòa,An Phú
16,"Phú Yên
(182 km)",Tuy Hòa,Bình Kiến
16,"Phú Yên
(182 km)",Tuy Hòa,Phường 9
16,"Phú Yên
(182 km)",Tuy Hòa,Phường 7
16,"Phú Yên
(182 km)",Tuy Hòa,Phường 6
16,"Phú Yên
(182 km)",Tuy Hòa,Phú Đông
16,"Phú Yên
(182 km)",Tuy Hòa,Phú Thạnh
16,"Phú Yên
(182 km)",Đông Hòa,Hòa Hiệp Bắc
16,"Phú Yên
(182 km)",Đông Hòa,Hòa Hiệp Trung
16,"Phú Yên
(182 km)",Đông Hòa,Hòa Hiệp Nam
16,"Phú Yên
(182 km)",Đông Hòa,Hòa Tâm
16,"Phú Yên
(182 km)",Đông Hòa,Hòa Xuân Nam
17,"Khánh Hòa
(370 km)",Vạn Ninh,Đại Lãnh
17,"Khánh Hòa
(370 km)",Vạn Ninh,Vạn Thọ
17,"Khánh Hòa
(370 km)",Vạn Ninh,Vạn Thạnh
17,"Khánh Hòa
(370 km)",Vạn Ninh,Vạn Phước
17,"Khánh Hòa
(370 km)",Vạn Ninh,Vạn Long
17,"Khánh Hòa
(370 km)",Vạn Ninh,Vạn Khánh
17,"Khánh Hòa
(370 km)",Vạn Ninh,Vạn Thắng
17,"Khánh Hòa
(370 km)",Vạn Ninh,Vạn Giã
17,"Khánh Hòa
(370 km)",Vạn Ninh,Vạn Lương
17,"Khánh Hòa
(370 km)",Vạn Ninh,Vạn Hưng
17,"Khánh Hòa
(370 km)",Ninh Hòa,Ninh Thọ
17,"Khánh Hòa
(370 km)",Ninh Hòa,Ninh Hải
17,"Khánh Hòa
(370 km)",Ninh Hòa,Ninh Thủy
17,"Khánh Hòa
(370 km)",Ninh Hòa,Ninh Phước
17,"Khánh Hòa
(370 km)",Ninh Hòa,Ninh Vân
17,"Khánh Hòa
(370 km)",Ninh Hòa,Ninh Phú
17,"Khánh Hòa
(370 km)",Ninh Hòa,Ninh Hà
17,"Khánh Hòa
(370 km)",Ninh Hòa,Ninh Lộc
17,"Khánh Hòa
(370 km)",Ninh Hòa,Ninh Ích
17,"Khánh Hòa
(370 km)",Nha Trang,Vĩnh Lương
17,"Khánh Hòa
(370 km)",Nha Trang,Vĩnh Hòa
17,"Khánh Hòa
(370 km)",Nha Trang,Vĩnh Hải
17,"Khánh Hòa
(370 km)",Nha Trang,Vĩnh Phước
17,"Khánh Hòa
(370 km)",Nha Trang,Vĩnh Thọ
17,"Khánh Hòa
(370 km)",Nha Trang,Xương Huân
17,"Khánh Hòa
(370 km)",Nha Trang,Lộc Thọ
17,"Khánh Hòa
(370 km)",Nha Trang,Vĩnh Nguyên
17,"Khánh Hòa
(370 km)",Nha Trang,Vĩnh Trường
17,"Khánh Hòa
(370 km)",Nha Trang,Phước Đồng
17,"Khánh Hòa
(370 km)",Cam Lâm,Cam Hải Đông
17,"Khánh Hòa
(370 km)",Cam Ranh,Cam Nghĩa
17,"Khánh Hòa
(370 km)",Cam Ranh,Cam Bình
17,"Khánh Hòa
(370 km)",Cam Ranh,Cam Phúc Bắc
17,"Khánh Hòa
(370 km)",Cam Ranh,Cam Phúc Nam
17,"Khánh Hòa
(370 km)",Cam Ranh,Cam Phú
17,"Khánh Hòa
(370 km)",Cam Ranh,Cam Thuận
17,"Khánh Hòa
(370 km)",Cam Ranh,Cam Linh
17,"Khánh Hòa
(370 km)",Cam Ranh,Cam Lợi
17,"Khánh Hòa
(370 km)",Cam Ranh,Ba Ngòi
17,"Khánh Hòa
(370 km)",Cam Ranh,Cam Thịnh Đông
17,"Khánh Hòa
(370 km)",Cam Ranh,Cam Lập
17,"Khánh Hòa
(370 km)",Trường Sa,Trường Sa
17,"Khánh Hòa
(370 km)",Trường Sa,Song Tử Tây
17,"Khánh Hòa
(370 km)",Trường Sa,Sinh Tồn
18,"Ninh Thuận
(105 km)",Thuận Bắc,Công Hải
18,"Ninh Thuận
(105 km)",Ninh Hải,Vĩnh Hải
18,"Ninh Thuận
(105 km)",Ninh Hải,Thanh Hải
18,"Ninh Thuận
(105 km)",Ninh Hải,Nhơn Hải
18,"Ninh Thuận
(105 km)",Ninh Hải,Tri Hải
18,"Ninh Thuận
(105 km)",Ninh Hải,Khánh Hải
18,"Ninh Thuận
(105 km)",Phan Rang – Tháp Chàm,Văn Hải
18,"Ninh Thuận
(105 km)",Phan Rang – Tháp Chàm,Mỹ Bình
18,"Ninh Thuận
(105 km)",Phan Rang – Tháp Chàm,Mỹ Hải
18,"Ninh Thuận
(105 km)",Phan Rang – Tháp Chàm,Đông Hải
18,"Ninh Thuận
(105 km)",Ninh Phước,An Hải
18,"Ninh Thuận
(105 km)",Thuận Nam,Phước Dinh
18,"Ninh Thuận
(105 km)",Thuận Nam,Phước Diêm
18,"Ninh Thuận
(105 km)",Thuận Nam,Cà Ná
19,"Bình Thuận
(192 km)",Tuy Phong,Vĩnh Tân
19,"Bình Thuận
(192 km)",Tuy Phong,Vĩnh Hảo
19,"Bình Thuận
(192 km)",Tuy Phong,Phước Thể
19,"Bình Thuận
(192 km)",Tuy Phong,Liên Hương
19,"Bình Thuận
(192 km)",Tuy Phong,Bình Thạnh
19,"Bình Thuận
(192 km)",Tuy Phong,Chí Công
19,"Bình Thuận
(192 km)",Tuy Phong,Hòa Minh
19,"Bình Thuận
(192 km)",Tuy Phong,Phan Rí Cửa
19,"Bình Thuận
(192 km)",Bắc Bình,Hòa Thắng
19,"Bình Thuận
(192 km)",Bắc Bình,Hồng Phong
19,"Bình Thuận
(192 km)",Phan Thiết,Mũi Né
19,"Bình Thuận
(192 km)",Phan Thiết,Hàm Tiến
19,"Bình Thuận
(192 km)",Phan Thiết,Phú Hài
19,"Bình Thuận
(192 km)",Phan Thiết,Thanh Hải
19,"Bình Thuận
(192 km)",Phan Thiết,Phú Thủy
19,"Bình Thuận
(192 km)",Phan Thiết,Hưng Long
19,"Bình Thuận
(192 km)",Phan Thiết,Đức Thắng
19,"Bình Thuận
(192 km)",Phan Thiết,Lạc Đạo
19,"Bình Thuận
(192 km)",Phan Thiết,Đức Long
19,"Bình Thuận
(192 km)",Phan Thiết,Tiến Thành
19,"Bình Thuận
(192 km)",Hàm Thuận Nam,Thuận Quý
19,"Bình Thuận
(192 km)",Hàm Thuận Nam,Tân Thành
19,"Bình Thuận
(192 km)",Hàm Thuận Nam,Tân Thuận
19,"Bình Thuận
(192 km)",La Gi,Tân Hải
19,"Bình Thuận
(192 km)",La Gi,Tân Tiến
19,"Bình Thuận
(192 km)",La Gi,Tân Bình
19,"Bình Thuận
(192 km)",La Gi,Bình Tân
19,"Bình Thuận
(192 km)",La Gi,Phước Lộc
19,"Bình Thuận
(192 km)",La Gi,Tân Phước
19,"Bình Thuận
(192 km)",Hàm Tân,Sơn Mỹ
19,"Bình Thuận
(192 km)",Hàm Tân,Tân Thắng
19,"Bình Thuận
(192 km)",Hàm Tân,Thắng Hải
19,"Bình Thuận
(192 km)",Phú Quý,Ngũ Phụng
19,"Bình Thuận
(192 km)",Phú Quý,Tam Thanh
19,"Bình Thuận
(192 km)",Phú Quý,Long Hải
20,"Bà Rịa – Vũng Tàu
(72 km)",Xuyên Mộc,Bình Châu
20,"Bà Rịa – Vũng Tàu
(72 km)",Xuyên Mộc,Bưng Riềng
20,"Bà Rịa – Vũng Tàu
(72 km)",Xuyên Mộc,Bông Trang
20,"Bà Rịa – Vũng Tàu
(72 km)",Xuyên Mộc,Phước Thuận
20,"Bà Rịa – Vũng Tàu
(72 km)",Đất Đỏ,Lộc An
20,"Bà Rịa – Vũng Tàu
(72 km)",Đất Đỏ,Phước Hải
20,"Bà Rịa – Vũng Tàu
(72 km)",Long Điền,Long Hải
20,"Bà Rịa – Vũng Tàu
(72 km)",Long Điền,Phước Hưng
20,"Bà Rịa – Vũng Tàu
(72 km)",Long Điền,Phước Tỉnh
20,"Bà Rịa – Vũng Tàu
(72 km)",Vũng Tàu,Phường 12
20,"Bà Rịa – Vũng Tàu
(72 km)",Vũng Tàu,Phường 11
20,"Bà Rịa – Vũng Tàu
(72 km)",Vũng Tàu,Phường 10
20,"Bà Rịa – Vũng Tàu
(72 km)",Vũng Tàu,Nguyễn An Ninh
20,"Bà Rịa – Vũng Tàu
(72 km)",Vũng Tàu,Phường 8
20,"Bà Rịa – Vũng Tàu
(72 km)",Vũng Tàu,Thắng Tam
20,"Bà Rịa – Vũng Tàu
(72 km)",Vũng Tàu,Phường 2
20,"Bà Rịa – Vũng Tàu
(72 km)",Vũng Tàu,Phường 1
20,"Bà Rịa – Vũng Tàu
(72 km)",Vũng Tàu,Phường 5
20,"Bà Rịa – Vũng Tàu
(72 km)",Vũng Tàu,Thắng Nhất
20,"Bà Rịa – Vũng Tàu
(72 km)",Vũng Tàu,Rạch Dừa
20,"Bà Rịa – Vũng Tàu
(72 km)",Vũng Tàu,Long Sơn
20,"Bà Rịa – Vũng Tàu
(72 km)",Phú Mỹ,Phước Hòa
20,"Bà Rịa – Vũng Tàu
(72 km)",Côn Đảo,không có xã trực thuộc
21,"Tp. Hồ Chí Minh
(17 km)",Cần Giờ.,Thạnh An
21,"Tp. Hồ Chí Minh
(17 km)",Cần Giờ.,Cần Thạnh
21,"Tp. Hồ Chí Minh
(17 km)",Cần Giờ.,Long Hòa
21,"Tp. Hồ Chí Minh
(17 km)",Cần Giờ.,Lý Nhơn
22,"Tiền Giang
(32 km)",Gò Công Đông,Vàm Láng
22,"Tiền Giang
(32 km)",Gò Công Đông,Kiểng Phước
22,"Tiền Giang
(32 km)",Gò Công Đông,Tân Điền
22,"Tiền Giang
(32 km)",Gò Công Đông,Tân Thành
22,"Tiền Giang
(32 km)",Tân Phú Đông,Phú Tân
23,"Bến Tre
(60 km)",Bình Đại,Thừa Đức
23,"Bến Tre
(60 km)",Bình Đại,Thới Thuận
23,"Bến Tre
(60 km)",Ba Tri,Bảo Thuận
23,"Bến Tre
(60 km)",Ba Tri,Tiệm Tôm
23,"Bến Tre
(60 km)",Thạnh Phú,Thạnh Hải
23,"Bến Tre
(60 km)",Thạnh Phú,Thạnh Phong
24,"Trà Vinh
(65 km)",Châu Thành,Long Hòa
24,"Trà Vinh
(65 km)",Cầu Ngang,Mỹ Long Nam
24,"Trà Vinh
(65 km)",Duyên Hải (thị xã),Hiệp Thạnh
24,"Trà Vinh
(65 km)",Duyên Hải (thị xã),Trường Long Hòa
24,"Trà Vinh
(65 km)",Duyên Hải (thị xã),Dân Thành
24,"Trà Vinh
(65 km)",Duyên Hải (huyện),Đông Hải
24,"Trà Vinh
(65 km)",Duyên Hải (huyện),Long Vĩnh
25,"Sóc Trăng
(72 km)",Cù Lao Dung,An Thạnh 3
25,"Sóc Trăng
(72 km)",Cù Lao Dung,An Thạnh Nam
25,"Sóc Trăng
(72 km)",Trần Đề,Trung Bình
25,"Sóc Trăng
(72 km)",Vĩnh Châu,Vĩnh Hải
25,"Sóc Trăng
(72 km)",Vĩnh Châu,Lạc Hòa
25,"Sóc Trăng
(72 km)",Vĩnh Châu,Phường 2
25,"Sóc Trăng
(72 km)",Vĩnh Châu,Phường 1
25,"Sóc Trăng
(72 km)",Vĩnh Châu,Vĩnh Phước
25,"Sóc Trăng
(72 km)",Vĩnh Châu,Vĩnh Tân
25,"Sóc Trăng
(72 km)",Vĩnh Châu,Lai Hòa
26,"Bạc Liêu
(56 km)",Bạc Liêu,Vĩnh Trạch Đông
26,"Bạc Liêu
(56 km)",Bạc Liêu,Hiệp Thành
26,"Bạc Liêu
(56 km)",Bạc Liêu,Nhà Mát
26,"Bạc Liêu
(56 km)",Hòa Bình,Vĩnh Hậu A
26,"Bạc Liêu
(56 km)",Hòa Bình,Vĩnh Hậu
26,"Bạc Liêu
(56 km)",Hòa Bình,Vĩnh Thịnh
26,"Bạc Liêu
(56 km)",Đông Hải,Long Điền Đông
26,"Bạc Liêu
(56 km)",Đông Hải,Điền Hải
26,"Bạc Liêu
(56 km)",Đông Hải,Long Điền Tây
26,"Bạc Liêu
(56 km)",Đông Hải,Gành Hào
27,"Cà Mau
(254 km)",Đầm Dơi,Tân Thuận
27,"Cà Mau
(254 km)",Đầm Dơi,Tân Tiến
27,"Cà Mau
(254 km)",Đầm Dơi,Nguyễn Huân
27,"Cà Mau
(254 km)",Năm Căn,Tam Giang Đông
27,"Cà Mau
(254 km)",Năm Căn,Lâm Hải
27,"Cà Mau
(254 km)",Năm Căn,Đất Mới
27,"Cà Mau
(254 km)",Ngọc Hiển,Tam Giang Tây
27,"Cà Mau
(254 km)",Ngọc Hiển,Tân Ân
27,"Cà Mau
(254 km)",Ngọc Hiển,Rạch Gốc
27,"Cà Mau
(254 km)",Ngọc Hiển,Viên An Đông
27,"Cà Mau
(254 km)",Ngọc Hiển,Viên An
27,"Cà Mau
(254 km)",Ngọc Hiển,Đất Mũi
27,"Cà Mau
(254 km)",Phú Tân,Nguyễn Việt Khái
27,"Cà Mau
(254 km)",Phú Tân,Cái Đôi Vàm
27,"Cà Mau
(254 km)",Phú Tân,Tân Hải
27,"Cà Mau
(254 km)",Phú Tân,Phú Tân
27,"Cà Mau
(254 km)",Trần Văn Thời,Phong Điền
27,"Cà Mau
(254 km)",Trần Văn Thời,Sông Đốc
27,"Cà Mau
(254 km)",Trần Văn Thời,Khánh Hải
27,"Cà Mau
(254 km)",Trần Văn Thời,Khánh Bình Tây
27,"Cà Mau
(254 km)",Trần Văn Thời,Khánh Bình Tây Bắc
27,"Cà Mau
(254 km)",U Minh,Khánh Hội
27,"Cà Mau
(254 km)",U Minh,Khánh Tiến
28,"Kiên Giang
(200 km)",An Minh,Vân Khánh Tây
28,"Kiên Giang
(200 km)",An Minh,Vân Khánh
28,"Kiên Giang
(200 km)",An Minh,Vân Khánh Đông
28,"Kiên Giang
(200 km)",An Minh,Đông Hưng A
28,"Kiên Giang
(200 km)",An Minh,Tân Thạnh
28,"Kiên Giang
(200 km)",An Minh,Thuận Hòa
28,"Kiên Giang
(200 km)",An Biên,Nam Thái A
28,"Kiên Giang
(200 km)",An Biên,Nam Thái
28,"Kiên Giang
(200 km)",An Biên,Nam Yên
28,"Kiên Giang
(200 km)",An Biên,Tây Yên
28,"Kiên Giang
(200 km)",Châu Thành,Vĩnh Hòa Hiệp
28,"Kiên Giang
(200 km)",Rạch Giá,Rạch Sỏi
28,"Kiên Giang
(200 km)",Rạch Giá,An Hòa
28,"Kiên Giang
(200 km)",Rạch Giá,Vĩnh Lạc
28,"Kiên Giang
(200 km)",Rạch Giá,Vĩnh Bảo
28,"Kiên Giang
(200 km)",Rạch Giá,Vĩnh Thanh Vân
28,"Kiên Giang
(200 km)",Rạch Giá,Vĩnh Thanh
28,"Kiên Giang
(200 km)",Rạch Giá,Vĩnh Quang
28,"Kiên Giang
(200 km)",Hòn Đất,Mỹ Lâm
28,"Kiên Giang
(200 km)",Hòn Đất,Sóc Sơn
28,"Kiên Giang
(200 km)",Hòn Đất,Sơn Bình
28,"Kiên Giang
(200 km)",Hòn Đất,Thổ Sơn
28,"Kiên Giang
(200 km)",Hòn Đất,Lình Huỳnh
28,"Kiên Giang
(200 km)",Hòn Đất,Bình Sơn
28,"Kiên Giang
(200 km)",Hòn Đất,Bình Giang
28,"Kiên Giang
(200 km)",Kiên Lương,Bình Trị
28,"Kiên Giang
(200 km)",Kiên Lương,Bình An
28,"Kiên Giang
(200 km)",Kiên Lương,Kiên Lương
28,"Kiên Giang
(200 km)",Kiên Lương,Dương Hòa
28,"Kiên Giang
(200 km)",Kiên Lương,Sơn Hải
28,"Kiên Giang
(200 km)",Kiên Lương,Hòn Nghệ
28,"Kiên Giang
(200 km)",Hà Tiên,Thuận Yên
28,"Kiên Giang
(200 km)",Hà Tiên,Tô Châu
28,"Kiên Giang
(200 km)",Hà Tiên,Pháo Đài
28,"Kiên Giang
(200 km)",Hà Tiên,Mỹ Đức
28,"Kiên Giang
(200 km)",Hà Tiên,Tiên Hải
28,"Kiên Giang
(200 km)",Kiên Hải,An Sơn
28,"Kiên Giang
(200 km)",Kiên Hải,Hòn Tre
28,"Kiên Giang
(200 km)",Kiên Hải,Lại Sơn
28,"Kiên Giang
(200 km)",Kiên Hải,Nam Du
28,"Kiên Giang
(200 km)",Phú Quốc,An Thới
28,"Kiên Giang
(200 km)",Phú Quốc,Dương Đông
28,"Kiên Giang
(200 km)",Phú Quốc,Bãi Thơm
28,"Kiên Giang
(200 km)",Phú Quốc,Cửa Cạn
28,"Kiên Giang
(200 km)",Phú Quốc,Cửa Dương
28,"Kiên Giang
(200 km)",Phú Quốc,Dương Tơ
28,"Kiên Giang
(200 km)",Phú Quốc,Gành Dầu
28,"Kiên Giang
(200 km)",Phú Quốc,Hàm Ninh
28,"Kiên Giang
(200 km)",Phú Quốc,Thổ Châu
